pierwsza_stacja,druga_stacja,corr
GŁOGÓW(151160060),RACIBÓRZ-MIEDONIA(150180060),"[0.4477979441419472, 0.4627118001570989, 0.48048947925102004, 0.5006032489339387, 0.5221524776267976, 0.5483559541540624, 0.5807553082982748, 0.6169678485264193, 0.6600727963489632, 0.7126270111251106, 0.7725484959633812, 0.8243051625731168, 0.8388278196998766, 0.8140789158713443, 0.7811748860512194, 0.7485841934449181, 0.7186079832549859, 0.6909001007281638, 0.6662310613137267]"
GŁOGÓW,BARDO ŚLĄSKIE (250160410) Suma opadów [mm],"[-0.05978029885152728, -0.05627674806943194, -0.05468629361873001, -0.05235228513188332, -0.058955343580836594, -0.06655153081843132, -0.06496365519678161, -0.07477880813144991, -0.08370464497214478, -0.08084611952183536, -0.07256683192560837, -0.03969222405073448, 0.009102718823417115, 0.06367249300738753, 0.07067860252298372, 0.06152151948097864, 0.04751503950970464, 0.03343821647755684, 0.020599089821087813]"
GŁOGÓW,BIERUTÓW (251170270) Suma opadów [mm],"[-0.09989040829501232, -0.09905772719854518, -0.1068279272862876, -0.10795676381767874, -0.11482770567112714, -0.11649742136282061, -0.11927233501589268, -0.12618627370778168, -0.1334848957308088, -0.1307130114232748, -0.12050423098356955, -0.07430553954059035, -0.023843069410833553, 0.030790580406580424, 0.03902895150918842, 0.029285599783352528, 0.013133435814954792, -0.008234791003490618, -0.01999977004647528]"
GŁOGÓW,BOLESŁAWÓW (250160610) Suma opadów [mm],"[-0.08606719194881218, -0.08423411669091109, -0.0856258212132328, -0.08562548576217571, -0.09180528993563322, -0.09518330781748058, -0.09606204330336197, -0.09946234889001883, -0.10479893298853536, -0.09938390406491782, -0.0846989394045185, -0.04865027903840353, 0.008997723175777862, 0.07670811578286506, 0.0867113646466137, 0.07546361938021531, 0.05832228708938343, 0.04007242822637032, 0.026906523401149747]"
GŁOGÓW,BOLKÓW (250160030) Suma opadów [mm],"[-0.037576511706022844, -0.03786443954830452, -0.040629020000899026, -0.047166304162814345, -0.056429133931571195, -0.06534811710509018, -0.0680188120302747, -0.07649897826073891, -0.08257417873920896, -0.07704380308091181, -0.06510708477653333, -0.016732195943300415, 0.04177041481235101, 0.08812452836216274, 0.09715127237589713, 0.09119979537743193, 0.07693951177194076, 0.06386481182169086, 0.05365418571530168]"
GŁOGÓW,BORÓW (250160070) Suma opadów [mm],"[-0.03857695790939106, -0.03297009782326137, -0.035546756205554995, -0.030155966361742666, -0.03430401414778314, -0.037538651203375066, -0.034718224730423686, -0.045360015134036015, -0.05693098961041572, -0.06521911678962654, -0.0491730821737139, -0.011408218539922674, 0.03345264445069604, 0.08201407739744794, 0.09605443869176837, 0.08794324486834829, 0.07422242599677559, 0.06132557967030984, 0.04790004408050072]"
GŁOGÓW,BRZEG (250170050) Suma opadów [mm],"[-0.026855016173010837, -0.013415064240977478, -0.009859420981753731, -0.0026298352171005225, -0.01129177858087029, -0.02422550998918384, -0.023398889501596527, -0.024702954846446187, -0.039255976732508, -0.03864108194903795, -0.020002044844491588, 0.03105074976630618, 0.09625314813678121, 0.15711999822692013, 0.16189923083906674, 0.14832546768339946, 0.13371042934481647, 0.12127880597765398, 0.10887693768530539]"
GŁOGÓW,BRZEG DOLNY (251160230) Suma opadów [mm],"[0.020335668251178763, 0.02162678159295294, 0.015098904007008094, 0.0076858569692450675, -0.005255697586262678, -0.015608713355054217, -0.020657999490297705, -0.037093828037273874, -0.05685672851397568, -0.0547519142280353, -0.03109650389523059, 0.019292435905421186, 0.07924469045394865, 0.12470616219878164, 0.1372353261022681, 0.13588407039015463, 0.12116324758030518, 0.10907008762869977, 0.09812888715707772]"
GŁOGÓW,CHWAŁKOWICE (251160170) Suma opadów [mm],"[-0.06791254046375653, -0.07027304379152917, -0.07289037123297354, -0.07436292769390032, -0.08373012105164737, -0.0928952277014096, -0.09147028928967033, -0.09968460698288653, -0.10425747697135758, -0.10187879416337131, -0.08706853492729533, -0.04635633200785692, 0.002531257325434284, 0.04689517806257814, 0.06350996624414366, 0.06023220195532859, 0.044327682722183674, 0.02994641644497969, 0.018438632370465]"
GŁOGÓW,CIESZYN (249180130) Suma opadów [mm],"[-0.09695235869956027, -0.09799952964464714, -0.09788013939377947, -0.09216285319279428, -0.08909584349597585, -0.09222634151228037, -0.09589618574593667, -0.09123177776121844, -0.0961555596018966, -0.0914933741656394, -0.08172425069033333, -0.04203319072974597, 0.032357099565141705, 0.12157813040537369, 0.13016188259329006, 0.11567855398470146, 0.09457340624752857, 0.0715294498356906, 0.051456869730823133]"
GŁOGÓW,CIESZYN (249180550) Suma opadów [mm],"[-0.022550911900316772, -0.009934744015251573, -0.01541785924378015, -0.02401330100116281, -0.0246168802821329, -0.023281002450161865, -0.02710541560234269, -0.015829563937123627, -0.006760783901660257, -0.013391205427615894, 0.0015731940356985298, 0.03887265656731081, 0.11759585617878762, 0.19300015267374024, 0.17639184490719792, 0.1513263542418806, 0.1386540400806687, 0.1281599714059403, 0.1216377013956722]"
GŁOGÓW,DŁUGOPOLE-ZDRÓJ (250160590) Suma opadów [mm],"[-0.07376203151646092, -0.06936715342622944, -0.07229774104744054, -0.07493003130496895, -0.07785982114558776, -0.08094762722846062, -0.08036869230650337, -0.08288385348218182, -0.0856854213333992, -0.08784428275806445, -0.07695300527225364, -0.042720197126617836, 0.009452575127765523, 0.06665619474530537, 0.08146374369131101, 0.07465112386959359, 0.0585563707353388, 0.04246660311687885, 0.031675079384550615]"
GŁOGÓW,DOBROGOSZCZ (250170110) Suma opadów [mm],"[-0.05329434456615428, -0.051667350142920516, -0.04717141236042987, -0.04130289481349559, -0.05104117862479445, -0.06091136410731124, -0.05880998572807501, -0.06968611962887385, -0.08535940967430425, -0.08847300771449558, -0.07190721477251491, -0.0392522170594305, 0.023162313542483284, 0.08690764083350142, 0.1011971603661933, 0.09157905915752755, 0.07698673797028423, 0.06224900640416428, 0.04113272512226361]"
GŁOGÓW,DZIERŻONIÓW (250160260) Suma opadów [mm],"[-0.018827369443593433, -0.015292139741487885, -0.01549964801998589, -0.01437969284418011, -0.022566722993172642, -0.02916490922622168, -0.03342036363384386, -0.046424648963914406, -0.061825515860150164, -0.0673822096059167, -0.05463157912573032, -0.01640255686074389, 0.03890501258100613, 0.08945824488847971, 0.0959910851637969, 0.09013541947775462, 0.08004280788343841, 0.06192817391871188, 0.046315003252447536]"
GŁOGÓW,DZIEWIĘTLICE (250170290) Suma opadów [mm],"[-0.04548914445187346, -0.037375629079417785, -0.03945005298246318, -0.03599880775767582, -0.03778038071719847, -0.0399735237528869, -0.04456521888251496, -0.0567706806388155, -0.07461628613898671, -0.07229783482193014, -0.05573374832949059, -0.017811392272036142, 0.04090752085516627, 0.10857668890827678, 0.11845820776661851, 0.11261498700792978, 0.09231072347445562, 0.07516447598016454, 0.05979776612975915]"
GŁOGÓW,GŁOGÓW (251160080) Suma opadów [mm],"[-0.020931940067493778, -0.022740909047021605, -0.0068381040615199, -0.004092893558839693, -0.011474137611298481, -0.02421252152208688, -0.030631429455731895, -0.03955834241194227, -0.04549128142579767, -0.03681672913930267, -0.024113816999763473, 0.008916696010443053, 0.05602874696073527, 0.08613885783069397, 0.08903831337425783, 0.07846266111708187, 0.056437018750561264, 0.040967637360086344, 0.01723124405553925]"
GŁOGÓW,GŁUBCZYCE (250170390) Suma opadów [mm],"[-0.06823951796573939, -0.06731270375413398, -0.06564253737311035, -0.06040173306339063, -0.0579463103418708, -0.06592361189294312, -0.07488386363726697, -0.08032335814462724, -0.08462570169728802, -0.08460260001877408, -0.06986217746005362, -0.02837639893651052, 0.04464997520776128, 0.12167211790718765, 0.13173175686939992, 0.12431106872528952, 0.10498686973701529, 0.08742291529298704, 0.0723885289559213]"
GŁOGÓW,GŁUCHOŁAZY (250170330) Suma opadów [mm],"[-0.02246443661733852, -0.013807203637181251, -0.012579072741806314, -0.010390110824678781, -0.014736085173787323, -0.021461824879071383, -0.024474078771754722, -0.03517944813619662, -0.049202173033091365, -0.049779797624271455, -0.0339722426549714, 0.009809535149133934, 0.08382288160294317, 0.16051578130033936, 0.1698349921746269, 0.15826115015207923, 0.1410938089274717, 0.12613701690560147, 0.1136357898169898]"
GŁOGÓW,GOŚCIEJOWICE (250170760) Suma opadów [mm],"[-0.1044643670134093, -0.08443699559880584, -0.08290515804671805, -0.07484120377959594, -0.08102852450703502, -0.09111624379358385, -0.09762868790386273, -0.11667169471517393, -0.13412809955102034, -0.13210062516166898, -0.11397469759511288, -0.05001321823555835, 0.03805404257895469, 0.11522112539409864, 0.12476709307237303, 0.11759555351580045, 0.10174919746625528, 0.09754010403971558, 0.09400553835619531]"
GŁOGÓW,GRABOWNICA (251170150) Suma opadów [mm],"[-0.059759827639148014, -0.0529922384348454, -0.05675622439806362, -0.06059281206307066, -0.06693205062136849, -0.0726734870330361, -0.0740106692564269, -0.08227998249648218, -0.09140732868739836, -0.09321406997387005, -0.08018839270693791, -0.03597912777387172, 0.018564483674757645, 0.07252277753314924, 0.08459857918184754, 0.07825897065659145, 0.06605897068257145, 0.04701146261122402, 0.03678351642576506]"
GŁOGÓW,ISTEBNA-STECÓWKA (249180280) Suma opadów [mm],"[-0.1022819544739814, -0.10334082055876188, -0.10909373595789529, -0.11331559158231819, -0.11167875973350742, -0.1138011278297252, -0.11395462302474384, -0.1130264911177364, -0.11109765572102236, -0.10081592896358159, -0.09049270801744955, -0.05280012100922472, 0.02077288906020906, 0.10121910276953162, 0.10675669997749916, 0.08745484370501753, 0.06960419413135902, 0.05567766696594886, 0.04724774629337355]"
GŁOGÓW,ISTEBNA-WIEŚ (249180290) Suma opadów [mm],"[-0.13413491568925123, -0.13534859173368372, -0.13737702273730368, -0.13655272059642956, -0.12810238043549857, -0.12919668813382448, -0.13269569079496296, -0.13250644631023892, -0.1366185411133719, -0.12865194690998172, -0.12409734720450472, -0.09310970629534276, -0.02717040814121052, 0.05693409850903974, 0.06899830913362914, 0.05388487704765416, 0.02994875991806705, 0.01139540338362627, 0.002087107189134588]"
GŁOGÓW,JARNOŁTÓWEK (250170340) Suma opadów [mm],"[-0.024183787277175097, -0.016058066177357586, -0.015950847423902178, -0.015489505623866773, -0.02155452661834148, -0.029370174540811905, -0.0319557138210277, -0.04117301442054635, -0.05359843197765578, -0.050138765312629924, -0.03544117949334241, 0.010372543839353852, 0.08837226218011485, 0.1645639879437998, 0.1647028426955322, 0.1505958148751087, 0.1319871907904048, 0.11757967518734826, 0.10500993173788563]"
GŁOGÓW,JAWOR (251160290) Suma opadów [mm],"[-0.037149354144968325, -0.039755785279098316, -0.04187577763197993, -0.04199489958547492, -0.046556753150046114, -0.05304019340776086, -0.049130209628945605, -0.05931927197558815, -0.06916724436520477, -0.06511923636576249, -0.05105649326055026, -0.004515561557352872, 0.052211138398796195, 0.09656128007540435, 0.10355131303802115, 0.0985000521006142, 0.08216589345432936, 0.06478298002276049, 0.054222816048197016]"
GŁOGÓW,JEDLINA-ZDRÓJ (250160220) Suma opadów [mm],"[-0.04794737327425627, -0.04098711925384566, -0.042251501029782604, -0.0440533829079518, -0.05452242056110711, -0.056767676493666215, -0.055733713196747706, -0.06929900855919054, -0.07967424140266571, -0.08003094680897628, -0.0654536003584609, -0.026645584230652695, 0.026750303687787788, 0.07410210048524034, 0.08470390980727542, 0.08041982300561161, 0.07426809991695225, 0.06042063305090799, 0.04835832787672648]"
GŁOGÓW,JELCZ-LASKOWICE (251170320) Suma opadów [mm],"[-0.08842510252171394, -0.08469121806753589, -0.08882952660879237, -0.09008930644069792, -0.09573080575376457, -0.09554685647471958, -0.09236861194607435, -0.09865269746091049, -0.10747754887366759, -0.10918698585677261, -0.09513683757632273, -0.05358266257076531, 0.0011569869364638063, 0.05776660890486634, 0.07273548321158738, 0.0653980338270136, 0.05276141658332873, 0.0357523580658006, 0.02378772057536678]"
GŁOGÓW,KACZORÓW (250150110) Suma opadów [mm],"[-0.04372945630678537, -0.04576578010414114, -0.0496049263961553, -0.05209847180036446, -0.05884072267729632, -0.06832026037654557, -0.07114840535752641, -0.07800308734889637, -0.08276655002870455, -0.07871847097649348, -0.06548390824475372, -0.016824035223311346, 0.036896320409568716, 0.08298176962895917, 0.09557537402178655, 0.08987629560523548, 0.07677732559260761, 0.06436897867049111, 0.05770455232123684]"
GŁOGÓW,KAMIENICA (250160620) Suma opadów [mm],"[-0.07161180666568906, -0.06810035531109135, -0.06889876506957905, -0.06903927322525365, -0.0757408724390272, -0.08157824944261147, -0.08351748603064413, -0.08688618650329578, -0.09126630373312845, -0.08748946558856206, -0.0738716128383058, -0.036000665762039905, 0.025479931495472497, 0.09389662967267898, 0.10349318058863934, 0.09472618485304483, 0.07714057015925767, 0.05952506659306026, 0.0513986032368879]"
GŁOGÓW,KĄTY WROCŁAWSKIE (251160310) Suma opadów [mm],"[0.02251917642759738, 0.03191015582255403, 0.02434929257988721, 0.02744914749311838, 0.020000175382703853, 0.009486599001023615, 0.00643566891270117, -0.00479700169568628, -0.01965388380994625, -0.0211984294206404, -0.005184023599586666, 0.04431972163433815, 0.09989526291501861, 0.14328894752879343, 0.1560372783621779, 0.1529127178722311, 0.1391662876886509, 0.12394346273959043, 0.10956431228580576]"
GŁOGÓW,KŁODZKO (350160520) Suma opadów [mm],"[-0.03598137859687493, -0.031897031934618694, -0.03108342508038816, -0.027892872847007807, -0.03147927312480495, -0.032884225959646046, -0.02940575901818719, -0.03287517418929461, -0.03606509146258787, -0.03453763792200388, -0.025651474617984487, 0.0007655899743959233, 0.04323232964731573, 0.09435310169451888, 0.10857233537586805, 0.10209219004375457, 0.09107199327363445, 0.07858426657554712, 0.06448167613571752]"
GŁOGÓW,KOPICE (250170730) Suma opadów [mm],"[-0.02584540372900511, -0.015148398315114008, -0.01192666492656538, -0.014719965765400522, -0.02142941680617455, -0.021683161468108003, -0.03027660216278461, -0.044076185863069745, -0.054625862207232506, -0.056824392295747476, -0.05311265453743829, -0.001114828335765904, 0.06836211968026189, 0.1279868639865438, 0.1345951088678503, 0.13156398159785998, 0.12111950709231285, 0.11510660525656231, 0.11603643357873267]"
GŁOGÓW,KORFANTÓW II (250170750) Suma opadów [mm],"[-0.07450245006897954, -0.06041733720653213, -0.06774541235557946, -0.0617274468044126, -0.06642581362519702, -0.06236376806386727, -0.07290822663660175, -0.0851535154788215, -0.10122350963936998, -0.10505633646079537, -0.08724072285441119, -0.035829831917295545, 0.03276018148782799, 0.09917506684879783, 0.1104888241173102, 0.11087735622696923, 0.10581840602431242, 0.09979002470851246, 0.10179975500788828]"
GŁOGÓW,KRUPSKI MŁYN (250180190) Suma opadów [mm],"[-0.028035683379493637, -0.031111255521233585, -0.027979090311188802, -0.02775826230459405, -0.028361830718562707, -0.04174125104666086, -0.047586719563217465, -0.05157541981143984, -0.0463860590653719, -0.041589686605956674, -0.028395839633443658, 0.008158680118805335, 0.07019423703440318, 0.1445694764859628, 0.14951498893484383, 0.1387622642727306, 0.11999312990939444, 0.10609077450064655, 0.09114376674851302]"
GŁOGÓW,KUDOWA-ZDRÓJ (250160450) Suma opadów [mm],"[-0.059305952597869964, -0.05860118747215983, -0.05851075197625868, -0.05354819076847954, -0.055297238252262314, -0.05904750131104491, -0.05833554908587559, -0.06109958326355786, -0.06325871300376906, -0.06045438984481375, -0.05171898333490587, -0.028110552034143334, 0.011336652080641735, 0.05407900522082373, 0.06421278912560371, 0.05923434278136079, 0.04864222642349802, 0.03266165440818427, 0.02236071240533385]"
GŁOGÓW,LĄDEK-ZDRÓJ (250160520) Suma opadów [mm],"[-0.07222347638680335, -0.0662377762774887, -0.06621059158517577, -0.06744114837375313, -0.07519532315207217, -0.08133792224832397, -0.08055661247132281, -0.08670651515762755, -0.09598897516423799, -0.08833852180723453, -0.06810559698761787, -0.028683647060580734, 0.03323102799005443, 0.10076632374244095, 0.11139763586665334, 0.10542575130185161, 0.09152442762416381, 0.07730252331283202, 0.06580075437510394]"
GŁOGÓW,LEGNICA (351160415) Suma opadów [mm],"[-0.02460971604283663, -0.023470809201111466, -0.022520450979545345, -0.01935936640665669, -0.02497961576226157, -0.028063741019007916, -0.02495209205486082, -0.0291064515145402, -0.03432622682543278, -0.032681046564661934, -0.020335364672297965, 0.0178306478635988, 0.06863483258903522, 0.10748241880713319, 0.11765374956481732, 0.11245773852368907, 0.0998286041466992, 0.08774216618745169, 0.07721835942288467]"
GŁOGÓW,LESZNO (351160418) Suma opadów [mm],"[-0.04909598590840032, -0.05065879324555136, -0.05161416892554429, -0.05605986579028958, -0.06303508045702327, -0.06544409444929308, -0.06424031641875534, -0.06648209639335648, -0.06878648900548469, -0.06922415880811214, -0.05993810073072234, -0.029037848922110154, 0.0038140607524936457, 0.03746979372747253, 0.056957423267463, 0.05658620161837512, 0.044724562932002034, 0.03676952505194758, 0.024799529332516047]"
GŁOGÓW,LEWIN KŁODZKI (250160470) Suma opadów [mm],"[-0.04962585322380401, -0.044610300609896146, -0.04012171700029063, -0.029980486895063215, -0.03826612635679745, -0.047245253470477803, -0.05267845038283549, -0.053593664590106505, -0.05525082308372779, -0.06098175047968153, -0.05428971647374262, -0.024329632412082008, 0.028392532035411085, 0.07489277897471952, 0.08189796821450455, 0.07933392313058925, 0.07386027041736294, 0.06413283618763949, 0.05752574101861327]"
GŁOGÓW,LIGOTA GÓRNA (250180230) Suma opadów [mm],"[-0.009121878785118795, -0.007787654011658046, -0.0037046445369669743, 0.004274494923292509, 0.011165340553889878, 0.011733279105440985, 0.0016477643788707604, 0.005383733743136183, 0.0034432438506574923, 0.010704927176726102, 0.03163621673158343, 0.0672375683238264, 0.13235159523862605, 0.20291082304007965, 0.20744973901256789, 0.19309700529187657, 0.17252848753036512, 0.15520197650125134, 0.1427533458189392]"
GŁOGÓW,LUBACHÓW (250160170) Suma opadów [mm],"[-0.03794933004105204, -0.03434799355862907, -0.03719763756868906, -0.037977240851119254, -0.05013327365086508, -0.053985831412002964, -0.05466373660559676, -0.06486261605723556, -0.07370423569321329, -0.0709829754799596, -0.05436252617064952, -0.016722246615548886, 0.04059527116502185, 0.09063445719120551, 0.09881587706148039, 0.09442626316909383, 0.08183845116170266, 0.06307806430816809, 0.04897985740166777]"
GŁOGÓW,LUBIN (251160190) Suma opadów [mm],"[-0.055801339950948374, -0.042818626859042815, -0.04178970091302257, -0.04086564586980118, -0.056033717592572904, -0.07007613569178159, -0.07805105477640256, -0.08977359985149978, -0.10508406609218075, -0.1071191772640308, -0.09060939621676681, -0.05214682672526513, -0.0005104065934012664, 0.03922226621451545, 0.06292608431248976, 0.05946267713703209, 0.040897948039506284, 0.02526368833632859, 0.011640088054825078]"
GŁOGÓW,LUBOMIN (250160120) Suma opadów [mm],"[-0.056799426000283586, -0.048726759439514024, -0.050884781150904335, -0.052566402231545906, -0.061831560117545765, -0.06866797926190898, -0.06903426607612329, -0.0809415742234421, -0.08824086176906704, -0.08328053152993373, -0.06961520311689438, -0.025878765802929613, 0.036364407326928964, 0.08775600553418864, 0.09937166241725881, 0.09736419556172426, 0.08368615449957781, 0.06329052307827802, 0.04972791926073081]"
GŁOGÓW,ŁABĘDY (250180330) Suma opadów [mm],"[-0.06551706918907294, -0.06299961808149823, -0.059593740194569256, -0.05143948164670856, -0.05327090695700566, -0.05812438311431949, -0.06791377304780118, -0.08299234871959896, -0.08589227685400364, -0.09491281805967691, -0.08486519617794756, -0.05659088304880022, 0.013560891494197475, 0.10167834039044246, 0.10943549163946244, 0.09077233430420993, 0.060907589262208475, 0.04218869114756997, 0.018913566620229597]"
GŁOGÓW,ŁANY (251170420) Suma opadów [mm],"[-0.0656233446037458, -0.05834803946611618, -0.07013873674625536, -0.07581431633737529, -0.08522038520865419, -0.07648188743839983, -0.08263102835979735, -0.08792042080793944, -0.09933449796921766, -0.11294037815892956, -0.10033380464016889, -0.04555977680653929, 0.004093358810446439, 0.04459037565106775, 0.05091095617206975, 0.05739227670426836, 0.05626040719584826, 0.05353865761737855, 0.059451682559647896]"
GŁOGÓW,MIĘDZYGÓRZE (250160630) Suma opadów [mm],"[-0.05495908443891327, -0.0485017767457738, -0.052701197697836766, -0.0565052415555876, -0.06267341016372678, -0.0674675718526933, -0.06979074962685822, -0.07704931660093046, -0.08546043448637264, -0.08059060619141213, -0.06499103388653586, -0.024587301915764918, 0.034931031550144424, 0.10151988061356772, 0.1156894788338553, 0.10904828023758002, 0.09427176582297266, 0.07994783455876593, 0.06547200638287123]"
GŁOGÓW,MIĘDZYLESIE (250160650) Suma opadów [mm],"[-0.05882089703472371, -0.055776312045010386, -0.05392576808155028, -0.05253039639462343, -0.05336347140835343, -0.05949088344152482, -0.05875884729136247, -0.06327801285494958, -0.07047052341604153, -0.07082735957005311, -0.06226644279566758, -0.028652433645616066, 0.0202261013409006, 0.07931493182414238, 0.09705529158395111, 0.0881563938849518, 0.07081274381496194, 0.05026914994235563, 0.03575111273004392]"
GŁOGÓW,MILICZ (251170140) Suma opadów [mm],"[-0.036885263207514125, -0.02979577239888897, -0.03617107231236133, -0.046406344834241185, -0.05282435736916232, -0.05701460160705894, -0.05884854700793736, -0.07141085627347167, -0.08288269253326262, -0.08496781727001909, -0.0740942902880747, -0.028831546855124738, 0.025309627898065904, 0.07306341642292426, 0.0851037290216361, 0.07787931516583607, 0.06220325050042936, 0.04058560215177756, 0.031184004183441374]"
GŁOGÓW,MŁOTY (250160540) Suma opadów [mm],"[-0.04621724571034797, -0.03543255489727843, -0.03480399973194753, -0.03240686502408603, -0.03828798990540362, -0.05242041903966584, -0.054831745969968156, -0.058730806674266105, -0.06166445526224338, -0.06982472321829701, -0.060602557814224405, -0.02154636730733171, 0.03537265209309865, 0.09201345442664681, 0.10809423022457787, 0.10354808150295017, 0.0917869468723278, 0.08246369557712573, 0.06927562989630419]"
GŁOGÓW,NAMYSŁÓW (251170290) Suma opadów [mm],"[-0.07829366391754927, -0.07032158209229386, -0.07357153741103628, -0.0752757446408846, -0.08223010152710322, -0.08755738318433008, -0.08773984452976419, -0.09475298512245119, -0.1036627633838917, -0.10359958276707054, -0.09145247851108114, -0.042749747670087, 0.015806706626697555, 0.07361250144092714, 0.09191650595918463, 0.08946288041184236, 0.0728423617215239, 0.056141247978178085, 0.04522935822162975]"
GŁOGÓW,NYSA (250170230) Suma opadów [mm],"[-0.03207740759004291, -0.02950720711609368, -0.03921023972097245, -0.031312575916590035, -0.03472746765398514, -0.04517807954224525, -0.05542099914128598, -0.06293248241230244, -0.07870214562166987, -0.07541091606687496, -0.051715198604931276, -0.0024962645568675557, 0.07404219750964616, 0.14614198737000927, 0.15106407220224322, 0.14343656874718894, 0.1266609767200464, 0.11280948968267679, 0.0977614754069238]"
GŁOGÓW,OBORNIKI ŚLĄSKIE (251160220) Suma opadów [mm],"[-0.03750006459641847, -0.03881579650587501, -0.05035061794396945, -0.056209502128214114, -0.0669338727219236, -0.0739355849953907, -0.07014113560620144, -0.083563759131418, -0.09651654815259313, -0.09606918824723647, -0.08346686010049867, -0.03681745850954878, 0.013814849249127192, 0.0574134586273723, 0.06752632200347139, 0.06061203081131814, 0.04307008155620374, 0.028890637397143846, 0.01948603114282261]"
GŁOGÓW,ODOLANÓW (251170130) Suma opadów [mm],"[-0.034829776439469176, -0.030831334559197048, -0.03415633723188849, -0.03883051282668218, -0.04391660404334991, -0.03817378549788054, -0.03442929795617033, -0.05523052624072234, -0.08165011588213303, -0.08999030741556348, -0.07948409907539163, -0.040324188538141605, 0.011781540376647982, 0.051692786866994085, 0.06137529450679326, 0.054575725603201994, 0.048639939453174956, 0.036280027955478564, 0.03063318081112185]"
GŁOGÓW,OŁDRZYCHOWICE KŁODZKIE (250160510) Suma opadów [mm],"[-0.0399143171848335, -0.027217596377452222, -0.028246269392012382, -0.029264491734688647, -0.03430390650222751, -0.04247026825186269, -0.043734139790530306, -0.05285805844310797, -0.06671364012087586, -0.06862256069197989, -0.05340958626467013, -0.017663076818649624, 0.03403088764505221, 0.09432981858495071, 0.10321343636252742, 0.09309927692108536, 0.07464600301955918, 0.053982428774404, 0.03730495071911461]"
GŁOGÓW,OPOLE (350170530) Suma opadów [mm],"[-0.01808648731808319, -0.018425499261791756, -0.017076449079888572, -0.01306539855627373, -0.011537994545452223, -0.0141605510531892, -0.013128954320037373, -0.015094042304037372, -0.020221985089057065, -0.014370455364946846, -0.0008868592626017304, 0.03542731829457335, 0.09653359966511778, 0.16036032737716013, 0.17415660023255553, 0.16744979771143675, 0.15518960461308737, 0.14777748049550193, 0.1395023565337603]"
GŁOGÓW,OSETNO (251160110) Suma opadów [mm],"[-0.056369414845698296, -0.06012376673623758, -0.06267215623652483, -0.06753968318109735, -0.0762409297057063, -0.08828326839094575, -0.0896798392031809, -0.09563145928834103, -0.10411626288217117, -0.11099751768964901, -0.10155075568628526, -0.06201653653384723, -0.016996258538024327, 0.02112758513465753, 0.03955279051847185, 0.03386257969317727, 0.0163589619572515, 0.00598848956487079, -0.0035643421477650726]"
GŁOGÓW,OSTROSZOWICE (250160320) Suma opadów [mm],"[-0.03393525352689777, -0.028798055055861412, -0.027801678623471486, -0.01823524193914047, -0.022347304096925997, -0.03116021828141025, -0.03177746471571948, -0.04426261570601796, -0.05128210894629109, -0.050842937412905104, -0.03589980348976341, -0.001995042397789329, 0.0495999397236985, 0.10232778541545486, 0.10354205228575024, 0.08885231384829523, 0.0735018070706942, 0.05642084711655224, 0.038244855383872255]"
GŁOGÓW,OSTRZESZÓW II (251170430) Suma opadów [mm],"[-0.2215333649296072, -0.2391758723378124, -0.2552110426555991, -0.2596903434700141, -0.28623062016195494, -0.29781850719032016, -0.27733854340093955, -0.2813170338651832, -0.2842312516397046, -0.2836418515601523, -0.2700760100699483, -0.23028359205997567, -0.17683276600685677, -0.12005170271515322, -0.0944955598804332, -0.11380467794598102, -0.1468180294882169, -0.15302805720224977, -0.14450444398735293]"
GŁOGÓW,OTMUCHÓW (250170250) Suma opadów [mm],"[-0.06407245124451653, -0.057571548413492865, -0.057759188806182804, -0.05702194052385863, -0.06469017808791273, -0.07241426485921218, -0.07438793558835603, -0.08295147071724619, -0.09564972848739137, -0.09293087059215971, -0.07634691155099188, -0.040078779652074875, 0.01972304856464551, 0.08188357169184189, 0.09166501623672978, 0.08592346852817688, 0.0709207874527552, 0.058872974282613365, 0.0480452751293878]"
GŁOGÓW,PACZKÓW (250170220) Suma opadów [mm],"[-0.015348038387875407, -0.0023933009523987186, 0.0014417989445903296, 0.007503329136808663, 0.005881182159932043, 0.0031194318202398125, -0.001491786533482477, -0.015511552708672174, -0.03491708885430784, -0.033175133078939704, -0.01790152062505476, 0.022198673355919348, 0.08022440247898921, 0.13975339933630745, 0.14532722113359783, 0.1327305292250913, 0.11723127106302202, 0.11372573185309899, 0.10236923944703373]"
GŁOGÓW,POLANICA-ZDRÓJ (250160490) Suma opadów [mm],"[-0.06133296715088279, -0.048372124114803274, -0.03569714773255352, -0.023601645668712055, -0.029829088879464782, -0.040357938037813706, -0.03871210715910391, -0.04363333450269247, -0.05486669620361127, -0.0631483681870998, -0.051996162495880384, -0.03455376511115081, 0.010615645223505076, 0.07265129840934079, 0.0827831976108677, 0.07447896283234041, 0.05778818438361671, 0.041372702513075746, 0.021979324389203636]"
GŁOGÓW,POLKOWICE DOLNE (251160150) Suma opadów [mm],"[-0.08652630185716809, -0.08295221877405638, -0.0828884628275587, -0.08888790163235542, -0.1000240612836923, -0.10675081271039036, -0.1092382550159042, -0.11222927790533929, -0.11627975366629173, -0.11136819957652258, -0.09731911132231465, -0.0610849357269301, -0.013935026265250996, 0.025089169513834095, 0.03890404911662278, 0.03581852681354569, 0.02260580776785626, 0.014204906788486007, 0.005166538592862566]"
GŁOGÓW,PRUDNIK (250170530) Suma opadów [mm],"[-0.02105148656324722, -0.003738588385159692, 0.0018762258596982696, 0.003939848643955412, -0.0011377703416067708, -0.010440517054409576, -0.018206321745267026, -0.018277860241910932, -0.03464108376293687, -0.03241784149142184, -0.01251833694163756, 0.03714012304829988, 0.11448491403315594, 0.1882284624838749, 0.1895806363492478, 0.16460236778986523, 0.13794497388048013, 0.1226833953693083, 0.10695989764397953]"
GŁOGÓW,PRZEWORNO (250170120) Suma opadów [mm],"[-0.004828712813935022, 0.007945779741247164, 0.008506371739128745, 0.014489185987301189, 0.009343029105341722, -0.0017522102993342793, -0.008583833675447175, -0.021266361896035275, -0.041741362979736046, -0.049303142357554196, -0.03165457196288247, 0.01944582147086103, 0.0928224606153724, 0.15858478448790778, 0.16772409275325975, 0.16660832923679258, 0.15659983516576992, 0.1484471588370067, 0.13999572181559325]"
GŁOGÓW,PSZENNO (250160090) Suma opadów [mm],"[-0.05320121576313956, -0.04498119631660046, -0.043136381280192156, -0.043008401661298254, -0.051863803821398505, -0.056869240888528884, -0.05558775051794369, -0.060741990225621864, -0.07248791337980767, -0.07510512180866598, -0.06368548235344534, -0.024751693905118416, 0.035318708522787685, 0.08849545010811992, 0.10468916413267891, 0.10150475756477038, 0.08986706737171313, 0.07504139299300194, 0.062495831573788296]"
GŁOGÓW,RACIBÓRZ (350180540) Suma opadów [mm],"[-0.01344727169493493, -0.012050542957758632, -0.009562156163164571, -0.002072835318593704, 0.004902695363326046, 0.0009650985092141507, -0.005857610672744312, -0.009007091780284575, -0.014680133411359734, -0.013658432326974322, -0.003130024242150547, 0.0303370602071678, 0.09241435632714654, 0.16087384083784398, 0.1683469126823644, 0.16190262258556215, 0.14863824509741702, 0.13416978167054291, 0.12164802856787525]"
GŁOGÓW,RACŁAWICE ŚLĄSKIE (250170540) Suma opadów [mm],"[-0.05784123861442984, -0.04423892407223853, -0.03935807283949475, -0.02643585594368739, -0.02221828656842476, -0.024663627294349982, -0.033039423637624514, -0.03128186723775469, -0.036222930292296264, -0.027138677585072803, -0.006996356178220093, 0.03433376941955776, 0.11450753847605574, 0.1876918008063075, 0.1833857327315557, 0.16429588617527113, 0.14451597464674573, 0.13252432849940823, 0.11471104456067738]"
GŁOGÓW,ROŻNÓW (251180230) Suma opadów [mm],"[-0.04403068334832764, -0.04173933655098387, -0.04348982031270177, -0.02813001366942245, -0.03120527458004318, -0.03310770040695697, -0.028715408086720465, -0.03843686870626144, -0.048406843775244915, -0.049352341183959605, -0.036121470114167865, 0.008175253586313158, 0.08109787424754165, 0.1456879369527066, 0.14677105778641752, 0.12319528981807647, 0.11279856323626539, 0.10059956544927874, 0.08285333608725721]"
GŁOGÓW,RUDNA (251160140) Suma opadów [mm],"[0.00742678754661708, 0.021049357020218297, 0.019774255507123934, 0.020409916209687483, 0.00875414878682927, -0.009669892727266574, -0.02526482433512797, -0.04021270599783328, -0.05222736333700899, -0.05531154339568521, -0.03083552579723512, 0.0113019823242576, 0.05922985764748395, 0.09716334436028731, 0.11452797605431879, 0.1061152874537954, 0.08584670655894443, 0.07212312648161776, 0.06490392413105896]"
GŁOGÓW,RYBNIK (250180510) Suma opadów [mm],"[-0.05354935861449503, -0.052104450488893984, -0.052950343710708454, -0.04872192972104924, -0.042677314944867095, -0.04604685773317075, -0.0518808516563136, -0.0525096901500444, -0.05455853367151349, -0.060397564747617885, -0.054702377003445574, -0.01596123728137713, 0.05597372630372146, 0.1384195172537673, 0.14191303724943793, 0.1275182322755854, 0.10542307439907928, 0.08689053904747662, 0.07384568156685567]"
GŁOGÓW,SŁOSZÓW (250160480) Suma opadów [mm],"[-0.06293334610540824, -0.05910835976648058, -0.058683410863426724, -0.05220826956056854, -0.05753641224703866, -0.06553157673854018, -0.0688114159634391, -0.07311107890540366, -0.07700401247490833, -0.07811111583818348, -0.07127117922691852, -0.043643431583308884, 0.005994409305393237, 0.06271265265895498, 0.07880740054345103, 0.07650239878500488, 0.06611318175534062, 0.053331891977485994, 0.04441032515221855]"
GŁOGÓW,SMOLICE (251170090) Suma opadów [mm],"[-0.022297743506418877, -0.021598045106913908, -0.024406431416429692, -0.02801431595636491, -0.03268671610002165, -0.03760433623044975, -0.0380611745848684, -0.04061029718624885, -0.046532665045646494, -0.044119677327628386, -0.03160496166468282, 0.0025797696581875366, 0.046942937172078744, 0.08901992821435085, 0.10483136240369088, 0.10015964633859711, 0.08452745844095547, 0.07324221459279992, 0.06928900947861834]"
GŁOGÓW,SREBRNA GÓRA (250160350) Suma opadów [mm],"[-0.034982131604314216, -0.02881879914897049, -0.030348066239878072, -0.030796699202279686, -0.03876569653977795, -0.04580215064927815, -0.04778711109332615, -0.05735770668602883, -0.06721530477431419, -0.06459348486979974, -0.05120877733618126, -0.018539753162464274, 0.03366190336451604, 0.09056512582647376, 0.09925605754175781, 0.08993569636137749, 0.075464415784807, 0.05771235124869679, 0.045440887853445446]"
GŁOGÓW,STARE OLESNO (250180030) Suma opadów [mm],"[-0.05841654302257894, -0.06139220377613669, -0.06141781292140027, -0.06179128153570745, -0.06572932121071497, -0.07495857332751199, -0.07809964224892088, -0.0835436326396095, -0.08715316656073925, -0.08310697485985588, -0.06920673042551044, -0.024662738773294404, 0.044015960776469534, 0.10943542393902222, 0.1185691464237496, 0.10669932720242223, 0.09714671016221771, 0.0913454990419869, 0.07818698139340567]"
GŁOGÓW,STRONIE ŚLĄSKIE (250160560) Suma opadów [mm],"[-0.025395277659429578, -0.019726293396474522, -0.022312149099291412, -0.026812994315113314, -0.0365237156348821, -0.04194236042661916, -0.04238605231599555, -0.04775105035034747, -0.05849767070665686, -0.05342853303448256, -0.0340231655888097, 0.003445354206968851, 0.06897878978407014, 0.1356941193115886, 0.14099257648591978, 0.13201486608543272, 0.11518599999838783, 0.0941571844589819, 0.07215378712067039]"
GŁOGÓW,STRZELIN (250170090) Suma opadów [mm],"[-0.0335877039830957, -0.0242499952918705, -0.024368283177412294, -0.017036770942966878, -0.026678517646737464, -0.02764474383391685, -0.03118234890308529, -0.03973062822554077, -0.052271132736808786, -0.054492386738153153, -0.03678840887790435, 0.00868594744071408, 0.07101653591490223, 0.13222334721865822, 0.14367331517410517, 0.13835555515157522, 0.12409294211113987, 0.11081372949890035, 0.09886557713148976]"
GŁOGÓW,SUKOWICE (250180380) Suma opadów [mm],"[-0.0863748453170092, -0.08268530791115121, -0.08398197013812221, -0.07557117364860261, -0.06675645753422495, -0.07322885216565468, -0.0830240022841701, -0.08786683920712819, -0.09278985221619183, -0.09072661021433344, -0.08132869061371915, -0.05063502777227951, 0.015067376771090104, 0.09795970476834397, 0.10703371094426857, 0.09561546554621962, 0.07640084441921445, 0.06358141094507211, 0.041306470486639865]"
GŁOGÓW,SZALEJÓW GÓRNY (250160840) Suma opadów [mm],"[-0.03915054690722237, -0.034146797331969056, -0.03566516441095162, -0.03678948762637873, -0.04337712331578045, -0.04586598972914984, -0.041639056957302176, -0.04881743765113445, -0.058196676624738625, -0.06054560466503, -0.05869703770591602, -0.029577575103831695, 0.01576191706320832, 0.07173064084982816, 0.07985422656474549, 0.06848088744432779, 0.04833094558714441, 0.028866168667223788, 0.01733927684614966]"
GŁOGÓW,SZCZAWNO-ZDRÓJ (250160130) Suma opadów [mm],"[-0.05421223782588739, -0.045851905532953395, -0.045587158500775014, -0.04748188941498154, -0.05692876016405655, -0.06290507915251861, -0.06550617474351343, -0.07260872012574389, -0.07911649380345173, -0.0768412938201406, -0.06466582302622172, -0.021666705542917157, 0.03524072196725463, 0.08587034997990992, 0.10297136299925432, 0.10289822209691095, 0.09160079065922065, 0.07621055366893151, 0.06759533159685237]"
GŁOGÓW,ŚWIERZAWA (251150360) Suma opadów [mm],"[-0.03063747706947643, -0.031557723977255044, -0.03536533018101636, -0.03721554610940466, -0.04686274523971296, -0.05473263669582398, -0.05974055296164766, -0.07016779392097702, -0.07892408258724087, -0.07456941903602467, -0.05795427545961157, -0.0044640942161806325, 0.04956466508484486, 0.0909659378782369, 0.10230745780029395, 0.09579176177748153, 0.0791300036990815, 0.06419515434797544, 0.05243512236134698]"
GŁOGÓW,TARNÓW (250160360) Suma opadów [mm],"[-0.03280015130457625, -0.026228067347099964, -0.026000087038123294, -0.02687283305137633, -0.03316400390122064, -0.037571452889658685, -0.035613377459706455, -0.03974459739892039, -0.0473460993404452, -0.04624422327048841, -0.03341039669274705, -0.0010791892657828128, 0.04659887664296953, 0.09727703477044161, 0.10770009772044405, 0.10467213205649532, 0.09576512627853605, 0.08523828059603639, 0.07412161230631391]"
GŁOGÓW,TRZEBNICA (251170210) Suma opadów [mm],"[-0.056243843541065194, -0.060049635994273494, -0.06133027104603594, -0.06716869952689053, -0.08404368340294303, -0.10526282872818402, -0.10212493642031281, -0.11100490914991405, -0.12016786485586188, -0.11931243024383617, -0.10557885526875718, -0.05982310343778498, -0.006469802303894443, 0.039953665455257185, 0.0463266937376678, 0.022692004591077033, -0.0016249740476751693, -0.025312828035919062, -0.04037111529795193]"
GŁOGÓW,TWARDOCICE (251150280) Suma opadów [mm],"[-0.04722438146981342, -0.0478897903594249, -0.05000162241603367, -0.05109815734496765, -0.06061992375344974, -0.07066431310702535, -0.07163819027741267, -0.08070655631640367, -0.08802893943681453, -0.08715514966661311, -0.07700920051956545, -0.03645001036229266, 0.01197860149981728, 0.04930448814651982, 0.060320930995408105, 0.05237367462256667, 0.03853380427687039, 0.024986558023252364, 0.01556943366424943]"
GŁOGÓW,WALIM (250160270) Suma opadów [mm],"[-0.03558271564564471, -0.0358874128970838, -0.04013807973911648, -0.043055484456633784, -0.0513929942492494, -0.05819039917241633, -0.05884011775144161, -0.07032904101064257, -0.08098345845296487, -0.07929034712434349, -0.06513023720534965, -0.025535285628634875, 0.031622974229885054, 0.0851233811416171, 0.09259537300702805, 0.08334232772626066, 0.06717912805686228, 0.04948449628174698, 0.03840532715230601]"
GŁOGÓW,WROCŁAW-STRACHOWICE (351160424) Suma opadów [mm],"[-0.02000414763742946, -0.016800023349287117, -0.022719686474195134, -0.022255257851410356, -0.026700192116592057, -0.029041183343650537, -0.02625016820680657, -0.029024195430784328, -0.03743959152639694, -0.04060211985513498, -0.03127214889720369, 0.00936569717829698, 0.05777902487350886, 0.10090211029330005, 0.11575279103022229, 0.11575453722939966, 0.10325860419118729, 0.09202174331451891, 0.08274616717375753]"
GŁOGÓW,ZIELENIEC (250160530) Suma opadów [mm],"[-0.06638780699228537, -0.06656156743259842, -0.06781093927903396, -0.06530428896792004, -0.07308151654181745, -0.08104951861653988, -0.08021495921507743, -0.08617920466176465, -0.0901693748731786, -0.09486619910407366, -0.08939613362353681, -0.056369622304863365, -0.007593392343085932, 0.04526868562919252, 0.05831017625543036, 0.05383036953418442, 0.044190024822343944, 0.03246830021585168, 0.02276652681798309]"
GŁOGÓW,ZIELINA (250170280) Suma opadów [mm],"[-0.04093315773540877, -0.030168183982196364, -0.02804627132052471, -0.019709471990370108, -0.019738676396045724, -0.026031519137533248, -0.03286020923008786, -0.03685767729522991, -0.03929316615269425, -0.03302101603588484, -0.014850445846029294, 0.03637433797680467, 0.11049161988212984, 0.17958787767136652, 0.1841933067686077, 0.17485151049523864, 0.15537285420384364, 0.14041257189196868, 0.1197307130874919]"
GŁOGÓW,ŹRÓDŁA (251160370) Suma opadów [mm],"[0.0033892158312550024, 0.008815495705773023, -0.009267814980279548, -0.020408159496808888, -0.03456914271698944, -0.03519421291422478, -0.031046494972333426, -0.04103976089460866, -0.0603835569416963, -0.06000488629462806, -0.04672072698400024, 0.01158043303988245, 0.08245148094465458, 0.12629192890635238, 0.13500162884769215, 0.14749520399962254, 0.14580022314107163, 0.1436351108823568, 0.15071909646263248]"
GŁOGÓW,średnia Suma opadów [mm],"[-0.03666947115427497, -0.032647122804510716, -0.03271622899115138, -0.03237144131871758, -0.03705426318631406, -0.04094388724738603, -0.04126942658497959, -0.04565394931244263, -0.051014480038400284, -0.04857413237864241, -0.03254043232124772, 0.013679088448096021, 0.08146345261537113, 0.15019858138101486, 0.16738875753908994, 0.15988253892433602, 0.1438310953736142, 0.1289934022851138, 0.11560482216817945]"
GŁOGÓW,mediana Suma opadów [mm],"[-0.022312596816254245, -0.018452945339527425, -0.01696532189650804, -0.01473554230134768, -0.01947403970034098, -0.02384657804326267, -0.023438977191791256, -0.028717131698260685, -0.03511305138729836, -0.0330489050552362, -0.016551374818489426, 0.02813046120330342, 0.09338655956433471, 0.15838619615059987, 0.17435671858695795, 0.1678752519153278, 0.1533115922898363, 0.13897928765251952, 0.12746625817929239]"
RACIBÓRZ-MIEDONIA,BARDO ŚLĄSKIE (250160410) Suma opadów [mm],"[-0.002837239195394854, -0.009776363793744094, -0.013617384193969545, -0.011019734227138095, -0.012679437987187387, -0.03089586158170359, -0.03708113254998894, -0.041577262781886615, -0.02840785366332032, 0.005618233730764097, 0.11890867214459723, 0.1703801145732999, 0.1500799235377387, 0.11538105763887654, 0.07968633192933729, 0.05347261326850369, 0.04173819680691332, 0.017291327866393615, 0.01680587783714352]"
RACIBÓRZ-MIEDONIA,BIERUTÓW (251170270) Suma opadów [mm],"[-0.05600956872046928, -0.06643785714182493, -0.07506390556172043, -0.07462976201697323, -0.06696416571575775, -0.07065739252932828, -0.07396256635512767, -0.08374158762871864, -0.06417026021246458, -0.02273163842393805, 0.08916928922742687, 0.13943030795433975, 0.11832374904140398, 0.08485844960559838, 0.04082477613327108, 0.022088382718478648, 0.004416980641473884, -0.010066214237615091, -0.008604853895430066]"
RACIBÓRZ-MIEDONIA,BOLESŁAWÓW (250160610) Suma opadów [mm],"[-0.030032371593093788, -0.03252441513414381, -0.033219324206025684, -0.025691252226392142, -0.02398274631295506, -0.03796183308385912, -0.04418725360664317, -0.04264312837721622, -0.02037987515152908, 0.039590702412115056, 0.17952264347878644, 0.23625636556196322, 0.19020300755169864, 0.1377320733483146, 0.09861351406574974, 0.0773705610076337, 0.07401125608763282, 0.060283006798488595, 0.058715908610183366]"
RACIBÓRZ-MIEDONIA,BOLKÓW (250160030) Suma opadów [mm],"[-0.013254275911457666, -0.026319462523668215, -0.038009794188603535, -0.028958691958487926, -0.03299635711352354, -0.04401185189766661, -0.04765892752670081, -0.05290379184671808, -0.02061368491493889, 0.029132872654530313, 0.13249788188219844, 0.16401554620394534, 0.1463422497788254, 0.11321203308346309, 0.09270557528820698, 0.07428330317329576, 0.05542729387842686, 0.036944086952893154, 0.038286804182158296]"
RACIBÓRZ-MIEDONIA,BORÓW (250160070) Suma opadów [mm],"[-0.003390992623220196, 0.01755381481595962, 0.011929413035276322, 0.01931369586168739, 0.008705880757780608, -0.011295954787421805, -0.027294517154158062, -0.03149131981185266, -0.01731106812832489, 0.01442733417071399, 0.11622154267601603, 0.17565977627966878, 0.15190893910609887, 0.11783639056585654, 0.08365937551906975, 0.06260908902166526, 0.049300898368705166, 0.02758905949542855, 0.02013074828876504]"
RACIBÓRZ-MIEDONIA,BRZEG (250170050) Suma opadów [mm],"[0.029618842085663653, 0.029012820554523616, 0.0065707203690452435, 0.004514044714865994, 0.006026022409880903, 1.1377453866946225e-06, -0.0157955069631103, -0.00877525741393145, 0.005971117906346622, 0.06463224808480224, 0.19670850007236998, 0.24496135926615453, 0.22761527046170293, 0.1938878404683031, 0.15299241311930917, 0.11609449112774461, 0.08344430169464336, 0.046758828685802466, 0.059325571776600486]"
RACIBÓRZ-MIEDONIA,BRZEG DOLNY (251160230) Suma opadów [mm],"[0.024086990270573448, 0.017548048804977907, 0.005988723566572614, 0.004857956459962093, -0.008532116412699372, -0.027623470433853915, -0.04277500853403055, -0.04653026707484497, -0.016864895284419004, 0.05203451775757029, 0.13755186063510705, 0.16057445087631828, 0.15636400692162958, 0.130482687561425, 0.10455137301555287, 0.09697361617361418, 0.07459859363667226, 0.04245955981531772, 0.04358436410667658]"
RACIBÓRZ-MIEDONIA,CHWAŁKOWICE (251160170) Suma opadów [mm],"[-0.029536955613741478, -0.035945780532033414, -0.04908439336703344, -0.048023843137821445, -0.04983508116432896, -0.05801415609923715, -0.059371151267995734, -0.06231711601984368, -0.04101702965541504, 0.006851671544692512, 0.08908266399876107, 0.12715181981151175, 0.12093608928211431, 0.09421717355978157, 0.06523888650641285, 0.049458321928076594, 0.03310189962915894, 0.01024474191695119, 0.00573191144700764]"
RACIBÓRZ-MIEDONIA,CIESZYN (249180130) Suma opadów [mm],"[-0.0664954556949934, -0.059969149528748954, -0.047496004251239766, -0.04358387635407926, -0.03884808666520209, -0.05285423941401788, -0.055127930695419144, -0.07171034905552065, -0.048358212018720544, 0.038252762833338984, 0.2987872871737645, 0.3469508651099165, 0.2722310176219125, 0.18871979411685658, 0.13524458676846152, 0.09557106604940632, 0.0762536846092752, 0.051443379335365066, 0.04598108875126745]"
RACIBÓRZ-MIEDONIA,CIESZYN (249180550) Suma opadów [mm],"[0.024881961149304736, 0.012252493322404455, 0.01678438934705012, 0.018755383321085627, 0.015136362786803978, 0.023997399736934596, 0.04996169037151219, 0.06397095188566775, 0.06307468229327144, 0.11166504407964456, 0.37781179437304835, 0.38551306812352254, 0.2710323458373472, 0.25838544929566054, 0.2493863862947511, 0.24922545357795228, 0.22651015004628286, 0.17300465193935863, 0.11965702885884581]"
RACIBÓRZ-MIEDONIA,DŁUGOPOLE-ZDRÓJ (250160590) Suma opadów [mm],"[0.0030640147709744443, -0.003004945350036115, -0.008209446852513378, -0.005587265355541645, 0.002193010060461314, -0.01222658972368567, -0.023582396030138182, -0.03649827760015877, -0.015162370546543303, 0.033380997019695095, 0.14702145766660354, 0.2137443835244263, 0.18308108551750346, 0.13467498246381265, 0.09746006706551659, 0.075722611673874, 0.07009142192958712, 0.05697264102000665, 0.05490448045746248]"
RACIBÓRZ-MIEDONIA,DOBROGOSZCZ (250170110) Suma opadów [mm],"[-0.031405658192466185, -0.030891451241735333, -0.029411438020132154, -0.026427307699373438, -0.03858339037656814, -0.056827776670903545, -0.07458428986614206, -0.08472529228763448, -0.06349475083658346, -0.019326894298522437, 0.10100068286085033, 0.1511984562975089, 0.1349799915252917, 0.09348212743419214, 0.06247539530930408, 0.03682066136621937, 0.010692135064200546, -0.00801860955296254, -0.0017671154884344917]"
RACIBÓRZ-MIEDONIA,DZIERŻONIÓW (250160260) Suma opadów [mm],"[0.022729805279301362, 0.009369502808327382, -0.002356055963382537, 0.0005157921641398651, 0.0021417305909921243, -0.02054752487584029, -0.043200760362204424, -0.04644603435363341, -0.030343539216860962, 0.018431391348054233, 0.1379103885098012, 0.17756847024236203, 0.15626742301797936, 0.12734445713295678, 0.10155372168469777, 0.0779541523055249, 0.052662400438190475, 0.030818897928056886, 0.02820561782013785]"
RACIBÓRZ-MIEDONIA,DZIEWIĘTLICE (250170290) Suma opadów [mm],"[0.0028043835784305215, -1.7250101145930975e-05, -0.0019067142606171408, 0.009841231716842138, -0.004833265888572448, -0.03110409387522006, -0.045839783852897206, -0.03936677031519821, -0.015394424002836943, 0.04008383500994174, 0.19034893418482232, 0.24550891007313105, 0.21488500721788578, 0.1700337714624628, 0.12856920045550452, 0.09464489779213786, 0.08735417747180323, 0.07148001869408936, 0.054587093468699555]"
RACIBÓRZ-MIEDONIA,GŁOGÓW (251160080) Suma opadów [mm],"[-0.00839589027823664, -0.011481616948419112, 0.0003828997207903831, 0.009815534282630331, -0.009324346553080185, -0.034211768303574364, -0.05045933420530548, -0.05087361745304731, -0.03218259235859488, -0.002629710667373839, 0.06594092728488701, 0.0854483100912922, 0.07280081582920885, 0.04040653235511082, 0.017681241470875384, -0.006685712898848133, -0.0363790901329275, -0.051655226277617775, -0.05190664533338984]"
RACIBÓRZ-MIEDONIA,GŁUBCZYCE (250170390) Suma opadów [mm],"[0.008887695377294624, 0.007929607020404844, -0.001399912178246652, -0.0028595095379477906, -0.00548783206197841, -0.022695715431464404, -0.0377296551546515, -0.03413981150497328, -0.011823843824721052, 0.058571794482367004, 0.26350963161206076, 0.31250662952339686, 0.2588874077242962, 0.21693437143598446, 0.1710624852565165, 0.13766481866100108, 0.12782882279767305, 0.10488637886112413, 0.08275397598462446]"
RACIBÓRZ-MIEDONIA,GŁUCHOŁAZY (250170330) Suma opadów [mm],"[0.044885006312661895, 0.04042414452052538, 0.031073508807506287, 0.029418736598228187, 0.014939033210456712, -0.009655097627440035, -0.022641112769694476, -0.029693322664924547, -0.0009073775216044139, 0.07643835884641706, 0.2585311802270348, 0.3135578392432185, 0.26808405032493043, 0.21767647641016144, 0.17644423597620218, 0.14887293390635628, 0.13934542797199329, 0.1154496036245325, 0.10283485502096801]"
RACIBÓRZ-MIEDONIA,GOŚCIEJOWICE (250170760) Suma opadów [mm],"[0.08418179701422943, 0.06094695573596768, 0.04589255047983221, 0.07016092575930365, -0.0015826933793599395, -0.04732511626267804, -0.0712576803201515, -0.04521540505749518, -0.01639383759402671, 0.06726305410521977, 0.2535866170859761, 0.30753163324397165, 0.25915484121364524, 0.22826745844660704, 0.21465703178753057, 0.22945429968750675, 0.21307829595998998, 0.1457332768419244, 0.11168647010344299]"
RACIBÓRZ-MIEDONIA,GRABOWNICA (251170150) Suma opadów [mm],"[0.005687523570705151, -0.01602233708556087, -0.02912536679310326, -0.02088899783921338, -0.021908987214263362, -0.0323645232704546, -0.04525994134976138, -0.05667604781328266, -0.039978173736750916, 0.019043337861389432, 0.13088860066226218, 0.18333225691611857, 0.1599057752810122, 0.12224581341419155, 0.08155982770260464, 0.06520856479383604, 0.05817814936375718, 0.04933527213526817, 0.04833363948053305]"
RACIBÓRZ-MIEDONIA,ISTEBNA-STECÓWKA (249180280) Suma opadów [mm],"[-0.06017189885396977, -0.07174021564071169, -0.07237326665186622, -0.066777259229298, -0.06788243531233716, -0.06637871738760424, -0.05617154044591187, -0.054862503837461156, -0.03712585596416061, 0.03426492865634148, 0.2761284036543406, 0.32204378180602455, 0.2417248061528758, 0.17386903004511717, 0.13014403074937847, 0.1147551809594162, 0.10086979612838917, 0.07633068128226232, 0.06569659081913284]"
RACIBÓRZ-MIEDONIA,ISTEBNA-WIEŚ (249180290) Suma opadów [mm],"[-0.10279117047777797, -0.09786519971464878, -0.0910080378014289, -0.08982975205535876, -0.09274258386965493, -0.09744200361686793, -0.0948399034768507, -0.1089901589771285, -0.10119621190584706, -0.04217313718252736, 0.19019516760895264, 0.25529560654627165, 0.19806922628235837, 0.11589025722827459, 0.06837424060659648, 0.04265144034360398, 0.03236189539535479, 0.012993742911122423, 0.005765548960114516]"
RACIBÓRZ-MIEDONIA,JARNOŁTÓWEK (250170340) Suma opadów [mm],"[0.01818731148446495, 0.006425918083044828, -0.0041591686207007325, 0.002858222055014511, -0.0024461297600340344, -0.017535547200833404, -0.0256414013879598, -0.029321702969360854, -0.002087660310802953, 0.07577847029572264, 0.2678063526655331, 0.31133797508842087, 0.2521568282118723, 0.19891306485552993, 0.15787839715680566, 0.13098111945173738, 0.12336892873217693, 0.10448726610893151, 0.09143367299128345]"
RACIBÓRZ-MIEDONIA,JAWOR (251160290) Suma opadów [mm],"[-0.018486230937977514, -0.018201236324472257, -0.017177677392267172, -2.750119342030811e-05, 0.0010468266626667397, -0.012511251324530123, -0.026821147898526142, -0.03310141652667505, 0.0014792185386279285, 0.04949735704780523, 0.14375189260529286, 0.17028711692987947, 0.1597112957368165, 0.12024325598985343, 0.09295190165365741, 0.07874744708009097, 0.06279794801934545, 0.036409772318131084, 0.02830095654336889]"
RACIBÓRZ-MIEDONIA,JEDLINA-ZDRÓJ (250160220) Suma opadów [mm],"[0.0036818422646715285, -0.009533909354481462, -0.015307632572855815, -0.005167281642651764, -0.01644495492191029, -0.03601258543593477, -0.05084242589770473, -0.0569814415931137, -0.03190459706524195, 0.023380058630659183, 0.13310596464989471, 0.16819233798305455, 0.1463916556402047, 0.11542713419205342, 0.08896143486135319, 0.07377980759959267, 0.052569186750894996, 0.03029689012927212, 0.023492687054739343]"
RACIBÓRZ-MIEDONIA,JELCZ-LASKOWICE (251170320) Suma opadów [mm],"[-0.027200447570342394, -0.0362615025348294, -0.039578026295661164, -0.029014925791204287, -0.030926634522937962, -0.04247039150929952, -0.04825052836985956, -0.05348378511304637, -0.03800974238567524, 0.006689508112710013, 0.12354088133393858, 0.18211023298388593, 0.1665396079531595, 0.13066405389324148, 0.08856364414942658, 0.06929992033314912, 0.05502303383261064, 0.03261273897001259, 0.035761333129749134]"
RACIBÓRZ-MIEDONIA,KACZORÓW (250150110) Suma opadów [mm],"[-0.0161336623920475, -0.01651693903294648, -0.021095065722145614, -0.019601141779214962, -0.030978875964472633, -0.04062591623730237, -0.045231147531537286, -0.05351439257521844, -0.021558779591987643, 0.024562588668846766, 0.11926967623562042, 0.15518465299724357, 0.15039932118732732, 0.11983517256933623, 0.10190660858394468, 0.07870184153598804, 0.05834174621075048, 0.03724276590939372, 0.04012453530560595]"
RACIBÓRZ-MIEDONIA,KAMIENICA (250160620) Suma opadów [mm],"[-0.02748094022447019, -0.030529349085065972, -0.03244311492077425, -0.02876598352147856, -0.028394030004207226, -0.039529969624305474, -0.044659945750004953, -0.046698677145470525, -0.028481452969710188, 0.0340018960536749, 0.18109583314394773, 0.24104467326154505, 0.19224907308494923, 0.13840326116492493, 0.10074277724973289, 0.08321536005283425, 0.0848844147810362, 0.06832588763707881, 0.06605758641947942]"
RACIBÓRZ-MIEDONIA,KĄTY WROCŁAWSKIE (251160310) Suma opadów [mm],"[0.03854871922037781, 0.03156946862995795, 0.013849368768173628, 0.020104186016392977, 0.007770198115576641, 0.007270928171253136, -0.0035785707873355883, -0.014947701255182903, 0.01329320954868853, 0.07242566142978653, 0.155504967018753, 0.18927372142022003, 0.1821844564135587, 0.14566916342973255, 0.12003260994014199, 0.1048763222209975, 0.07724194294635532, 0.04342296836101619, 0.028430001065789932]"
RACIBÓRZ-MIEDONIA,KŁODZKO (350160520) Suma opadów [mm],"[-0.004642384990743895, -0.004676211108659283, -0.001867043128268928, 0.009221362000546926, 0.010134442098606245, -0.0009449827638929024, -0.004941043619410129, -0.003136880924092911, 0.0004328280670990686, 0.02891428003097759, 0.1332123432106027, 0.19937709561940195, 0.18712106511707996, 0.15322218534427098, 0.11714096850096885, 0.08949272280821027, 0.0739150670367226, 0.0527513058781435, 0.05316596523871286]"
RACIBÓRZ-MIEDONIA,KOPICE (250170730) Suma opadów [mm],"[0.07889761339736028, 0.06572741116323372, 0.06186675389149715, 0.07149546494737453, 0.032396123526240904, 0.004755862612809903, -0.012450503506875772, -0.001710813614650047, 0.015619844036380977, 0.07803095857306719, 0.258046603478742, 0.30845778003227586, 0.26036629976980574, 0.2468493347888344, 0.23184166585310406, 0.22564824106453177, 0.2115538014465806, 0.1707900104760511, 0.1494689091800109]"
RACIBÓRZ-MIEDONIA,KORFANTÓW II (250170750) Suma opadów [mm],"[0.036208295586639815, 0.015145925689695179, 0.018484931984761917, 0.04626722756649857, 0.005143477677309541, -0.039970823920094385, -0.06914070792976793, -0.059649488554023314, -0.02717799508065549, 0.06102889134987896, 0.24802240940059272, 0.28698479319828823, 0.2460373010359752, 0.24114736977932477, 0.21185409117356596, 0.21026531851094388, 0.2067551598232945, 0.18717126154473035, 0.15080465398108603]"
RACIBÓRZ-MIEDONIA,KRUPSKI MŁYN (250180190) Suma opadów [mm],"[0.0060579620755295644, -0.0012882577712316065, -0.0019439648342760541, 0.0007940651173647983, -0.0031767669284762084, -0.005939635685775624, -0.008498917010027734, -0.005310287637820487, 0.0048584932886394485, 0.048672619078532015, 0.2418013705133209, 0.28200444501170424, 0.22552856756324532, 0.18626628772264378, 0.1462807307331528, 0.11816748957059643, 0.11664015624966613, 0.09829339749117759, 0.09312243877762962]"
RACIBÓRZ-MIEDONIA,KUDOWA-ZDRÓJ (250160450) Suma opadów [mm],"[-0.017263323667142862, -0.01604085690032393, -0.013845192907745026, -0.013077234120111195, 0.003988460395640764, -0.0004204724706141365, -0.006822049618909043, -0.020730270392635565, -0.011458708307811158, -0.0036866831602793246, 0.07607575558636122, 0.13769642338017124, 0.12627825169902332, 0.09023473296815733, 0.06083674028950787, 0.03826370979576485, 0.02564134844210554, 0.01086119175319824, 0.004776624207828426]"
RACIBÓRZ-MIEDONIA,LĄDEK-ZDRÓJ (250160520) Suma opadów [mm],"[0.0035908763618339276, -0.006726542014898974, -0.012732479555580425, -0.0038403667009905187, -0.006385105479860845, -0.026220119042678767, -0.03384748281683294, -0.02956710577754408, -0.001636725800428041, 0.07121610227116636, 0.21898405432269658, 0.2691175470586694, 0.22897510253732395, 0.18406043147351, 0.1470197652260097, 0.12417187713007907, 0.11621491918111627, 0.10282433249862492, 0.09717075374973996]"
RACIBÓRZ-MIEDONIA,LEGNICA (351160415) Suma opadów [mm],"[-0.009098251843625234, -0.011154340751913861, -0.010015032673875126, 0.0024086162904848607, 0.005084491682810178, -0.005004814431855197, -0.018497396431349126, -0.02491184612075438, 0.0020963950842058095, 0.04856646216280057, 0.13909332632189753, 0.17489252961603186, 0.1635215310910586, 0.12346485099563663, 0.09799767042411078, 0.0865362096784645, 0.0674218675220908, 0.04799286609079985, 0.04312505436923685]"
RACIBÓRZ-MIEDONIA,LESZNO (351160418) Suma opadów [mm],"[-0.026047230026176055, -0.031676008878678136, -0.03895096586006038, -0.03719814491241234, -0.029480662314396867, -0.0391296856832591, -0.05046188073087693, -0.05626625452748581, -0.03828850036610569, -0.01418853325131355, 0.051001093112254495, 0.10153582128773854, 0.10241508750115132, 0.07667609864222473, 0.0518872405412913, 0.033042846001593705, 0.019865088585896997, 0.015220684777190222, 0.012982822017610827]"
RACIBÓRZ-MIEDONIA,LEWIN KŁODZKI (250160470) Suma opadów [mm],"[0.0073299117405606256, 0.005099610309598267, 0.00950434914304065, 0.0037956452802618435, -0.0013453568031669436, -0.011705657043316687, -0.0170174928671324, -0.029836001850064436, -0.010890790259079384, 0.01679121036793563, 0.11062725898772963, 0.16069752055187803, 0.12999014101675133, 0.09708103930065289, 0.0706789561661173, 0.06271131151107306, 0.04748863681816447, 0.02639520666329471, 0.012053611871508475]"
RACIBÓRZ-MIEDONIA,LIGOTA GÓRNA (250180230) Suma opadów [mm],"[0.031172513155947653, 0.026516968585144546, 0.04813307389373493, 0.06100944029978059, 0.07142373325130792, 0.05542292595182916, 0.02968713922699904, 0.03055443172380832, 0.03403356532156726, 0.08883458448414502, 0.28695756905142333, 0.30959796498660913, 0.24373324774996954, 0.2165182713665191, 0.17171765410067505, 0.13769104587495032, 0.12803142249822477, 0.1109672410155679, 0.08772787698021357]"
RACIBÓRZ-MIEDONIA,LUBACHÓW (250160170) Suma opadów [mm],"[0.001350947724603231, -0.010022912342155557, -0.022029852780837612, -0.012652381196959661, -0.013609151246926307, -0.030984354007484192, -0.0447894994906118, -0.04609637191166092, -0.0193695908863549, 0.03564741436174502, 0.1472821065589232, 0.1815740436116033, 0.1612099806526275, 0.12379225769356848, 0.09524180761682492, 0.0691177655120574, 0.0544047861324332, 0.037531822591911665, 0.03680052015165822]"
RACIBÓRZ-MIEDONIA,LUBIN (251160190) Suma opadów [mm],"[-0.014576485515372798, -0.026608679995016978, -0.04924818851891089, -0.0546480403561842, -0.06640815475769456, -0.09647534306103552, -0.11133417177536058, -0.10943129896717235, -0.06918918706492322, -0.023231623489902407, 0.04839858320943092, 0.07391622351308791, 0.08530173387534723, 0.06541122605356442, 0.059532128295691225, 0.057616166320912814, 0.02000415312436401, -0.013820608388702733, -0.028460777579711712]"
RACIBÓRZ-MIEDONIA,LUBOMIN (250160120) Suma opadów [mm],"[0.0006363340809402998, -0.010439802764884418, -0.018866548183570572, -0.017344072933782796, -0.019606890596468775, -0.030302039366354384, -0.03490730479200044, -0.042043258157685844, -0.01343074415166064, 0.03927379276632934, 0.14956204958142286, 0.18249817888201345, 0.1776800393624725, 0.1416326983081732, 0.10536042865471563, 0.07598817008612081, 0.060501554134339455, 0.04222269901345145, 0.042184051310838674]"
RACIBÓRZ-MIEDONIA,ŁABĘDY (250180330) Suma opadów [mm],"[-0.07113512311051777, -0.06554610723767083, -0.04753499559303886, -0.051838333296327505, -0.07162523588098577, -0.09735370612389459, -0.11182117254480697, -0.11922928700024893, -0.11128949528673887, -0.0647603392870878, 0.12983133889406412, 0.19131440829273097, 0.12591402255942452, 0.05546920598109622, 0.008363406311312258, -0.019428413610814654, -0.052187092644090875, -0.05544461368265911, -0.03659207607843101]"
RACIBÓRZ-MIEDONIA,ŁANY (251170420) Suma opadów [mm],"[0.012873594217357426, -0.0008952647644020869, -0.017122967036878777, -0.0097936446927741, -0.02941440229650485, -0.03957554061081034, -0.0455793299804338, -0.04524977636453006, -0.030549595155855976, 0.018273669760801393, 0.12633805348835325, 0.16395860641817556, 0.17489919173390095, 0.17312846600673087, 0.15084674621444444, 0.15519392631839277, 0.13245785543307534, 0.0864813273260213, 0.09684513380119138]"
RACIBÓRZ-MIEDONIA,MIĘDZYGÓRZE (250160630) Suma opadów [mm],"[-0.006705574139232843, -0.015687689109696343, -0.020719481701256114, -0.021002164229067234, -0.024036999650802394, -0.03767446327605944, -0.04550521378470198, -0.043274423022601725, -0.016246940727696998, 0.043714358783029636, 0.18370892281616139, 0.25268256715307025, 0.2137169292919406, 0.1680455012614321, 0.12830245139182497, 0.10285157563850804, 0.09155542527110815, 0.06546223616688937, 0.05763402448082053]"
RACIBÓRZ-MIEDONIA,MIĘDZYLESIE (250160650) Suma opadów [mm],"[-0.003264167890027485, -0.009275942773122546, -0.016658151175786468, -0.017277187116521823, -0.01120712788861312, -0.024525373433628036, -0.035408556173413486, -0.040556212787280325, -0.02592754951832264, 0.012851964900705613, 0.12471089053512269, 0.2048332307473087, 0.1700582259272412, 0.12579260571484938, 0.09029980499265866, 0.05642980381475969, 0.04827387191436928, 0.031036809929985875, 0.03189434642265672]"
RACIBÓRZ-MIEDONIA,MILICZ (251170140) Suma opadów [mm],"[0.00837129632828344, -0.016121901548719855, -0.027987105308206528, -0.0035359036006664965, -0.0037145843584700704, -0.02107505126701538, -0.03606991959463087, -0.04943169509737963, -0.03181656347738515, 0.022184646183136297, 0.124687734377267, 0.168574549033831, 0.15297735714613406, 0.11709870308264465, 0.07866151649416216, 0.05849629031967155, 0.044922859067158885, 0.024290872508945526, 0.01987490194458045]"
RACIBÓRZ-MIEDONIA,MŁOTY (250160540) Suma opadów [mm],"[0.04647446126242501, 0.033164144962191576, 0.017005254813705163, 0.017958791864851727, 0.010013541303937484, -0.009109951985795554, -0.00950079259610045, -0.02231707911369324, -0.0036435778541240842, 0.039988996243228395, 0.14489329907648296, 0.22690023572591186, 0.19681822981925157, 0.15803283943224747, 0.1299979176434023, 0.0998539505651365, 0.08056860124343479, 0.053958158176414465, 0.04356842812726393]"
RACIBÓRZ-MIEDONIA,NAMYSŁÓW (251170290) Suma opadów [mm],"[-0.010159000348763896, -0.01637973792357304, -0.027308424575556663, -0.027846856898218867, -0.030156907892671257, -0.03948800814168651, -0.04037004974656676, -0.03803359551194459, -0.022353331096131315, 0.028506023873248066, 0.156280059149214, 0.21274764308931737, 0.2116697045489476, 0.17370097146706925, 0.1269474495813898, 0.09400088349785998, 0.07830751281065981, 0.06562307051881194, 0.07649397664616323]"
RACIBÓRZ-MIEDONIA,NYSA (250170230) Suma opadów [mm],"[-0.0010613897091248793, -0.003206173323066187, -0.0012944940407376415, -0.011379913015284475, -0.03195662938053618, -0.05113770929270415, -0.067432112678272, -0.059781590909987956, -0.029923688632866208, 0.04617747985030696, 0.23488847153777304, 0.25954626162903965, 0.22060714183134048, 0.18981265502849481, 0.15808944492095017, 0.12375820689112195, 0.09518374479429866, 0.08039000775005214, 0.06623213880300972]"
RACIBÓRZ-MIEDONIA,OBORNIKI ŚLĄSKIE (251160220) Suma opadów [mm],"[-0.016807909623253015, -0.027620592938769048, -0.04121541750249594, -0.02611776517485108, -0.035386060710892515, -0.04895608455738436, -0.05454647275336663, -0.06088538136146795, -0.036487779258378726, 0.014477675224903315, 0.10704914940910938, 0.13292375575117227, 0.11885594867878936, 0.091494814832916, 0.06569541510316229, 0.05086567183569827, 0.03771257375218718, 0.01458696044495547, 0.014904415294975023]"
RACIBÓRZ-MIEDONIA,ODOLANÓW (251170130) Suma opadów [mm],"[0.0008851811138610073, 0.0030069005427506837, 0.013066991495913904, 0.03141678074074646, 0.004380875170360533, -0.030565915129515075, -0.05144428054468793, -0.0594231747985572, -0.04643756543180605, -0.001053487429237424, 0.10219845858873368, 0.13236333672891745, 0.10410898861725197, 0.06428007105052973, 0.052837245337279036, 0.06719495103116899, 0.054154281036963944, 0.041066087686666586, 0.053725407836292705]"
RACIBÓRZ-MIEDONIA,OŁDRZYCHOWICE KŁODZKIE (250160510) Suma opadów [mm],"[0.02307087873588005, 0.006453871422117782, 0.0029730821467831205, 0.011852566231076082, 0.009615358006292138, -0.015689430172139914, -0.031181748012692856, -0.03903069751736921, -0.02061670313825811, 0.036986500239028774, 0.16088565744889127, 0.20873141167399414, 0.17791280273408108, 0.1339297860015259, 0.0964258313274242, 0.06420977406342435, 0.05487015483501175, 0.038016608421589326, 0.03089321521619951]"
RACIBÓRZ-MIEDONIA,OPOLE (350170530) Suma opadów [mm],"[0.004791315981905775, 0.0023119156443010035, 0.004951575852003188, 0.013428155155999882, 0.01227415470700577, 0.007187847599943118, 6.654440898257891e-05, -0.0003813267546188033, 0.018561962076374238, 0.07057806940175113, 0.23701170310762412, 0.2969320636418521, 0.26314968451864934, 0.22265245720853136, 0.17762595692219496, 0.15251209432467402, 0.14884975605903839, 0.12963391870475482, 0.12135097545237504]"
RACIBÓRZ-MIEDONIA,OSETNO (251160110) Suma opadów [mm],"[-0.019513262974894894, -0.03239057693363451, -0.044581498593300226, -0.045128380479686744, -0.04622890969847855, -0.058001715097671616, -0.07013555939639736, -0.08059757030464829, -0.06101720890366497, -0.024494281025232996, 0.055994426034861385, 0.10911568812422462, 0.10963633755599647, 0.07634339578294083, 0.05193462770645832, 0.02964031614694765, 0.014315525019634184, -0.004426645332262087, 0.008295989136994662]"
RACIBÓRZ-MIEDONIA,OSTROSZOWICE (250160320) Suma opadów [mm],"[-0.0011637879566906558, -0.005409311543415684, -0.007136657817175245, -0.0010790676304722933, -0.009930712595238122, -0.02710041374435242, -0.031122285069743388, -0.04582485179735684, -0.03196992228222148, 0.02018873573744783, 0.11700622365825898, 0.14138090435773942, 0.12614319991986278, 0.07920039100216467, 0.044245653552430576, 0.01473018745003229, -0.0029428334856099144, -0.01278577866005417, -0.018946780242841785]"
RACIBÓRZ-MIEDONIA,OSTRZESZÓW II (251170430) Suma opadów [mm],"[-0.17822366353794153, -0.1740869778436081, -0.20216192213036907, -0.19170038010089624, -0.17813064566751302, -0.1417166474466214, -0.12365147272198655, -0.1472224904971882, -0.1404020768189249, -0.11445718510670064, 0.07814116804453838, 0.1069860181911408, 0.07647460931855386, -0.015151728197688162, -0.04542122103878013, -0.03455391771984868, -0.029113886959427064, -0.03350458693195279, 0.20290972771281818]"
RACIBÓRZ-MIEDONIA,OTMUCHÓW (250170250) Suma opadów [mm],"[0.005817135487160486, -0.004259389096751351, -0.013519490075719108, -0.016447091568986907, -0.024575385232134355, -0.042764302826519114, -0.054828496659495275, -0.05293588911299082, -0.03428880827629035, 0.02045481246259652, 0.16614686817536287, 0.21777282164265022, 0.18613898032255471, 0.1473138982943509, 0.11474687522262894, 0.09119443210446666, 0.08631842513000702, 0.07407105365484207, 0.07531521478413036]"
RACIBÓRZ-MIEDONIA,PACZKÓW (250170220) Suma opadów [mm],"[0.05082864477841474, 0.03910965458824541, 0.036777067118335116, 0.045332415902218794, 0.03307642157398497, 0.002934079199715663, -0.01482974257977744, -0.004411600902987023, 0.005326491709212237, 0.05304577933215103, 0.18060149974092693, 0.22304513868780687, 0.18877094646066478, 0.1608434342799211, 0.147181794382005, 0.1431519190678471, 0.10783202750544724, 0.0749203266590497, 0.04954308017849543]"
RACIBÓRZ-MIEDONIA,POLANICA-ZDRÓJ (250160490) Suma opadów [mm],"[-0.01533503440270056, -0.022570267468762183, -0.018324854407615568, -0.011690476800315227, -0.0012151102859293786, -0.014087960316385685, -0.04007176523546086, -0.06801254945795701, -0.06134810029244857, -0.048977657107208555, 0.06605858039184, 0.12008243884529651, 0.11032367654552325, 0.07107787538021587, 0.029062249762519272, -0.014115693819636283, -0.037134920847331866, -0.05820922640029168, -0.06386648482778512]"
RACIBÓRZ-MIEDONIA,POLKOWICE DOLNE (251160150) Suma opadów [mm],"[-0.04184468221707219, -0.04855165665065348, -0.05773666786493538, -0.05531939387223405, -0.05408478425114092, -0.06300864713934579, -0.07375092939179818, -0.06893158276520527, -0.038211805919101526, -0.0072578217099061515, 0.07217977002117465, 0.10916092407262958, 0.10117860091446262, 0.0715903399291925, 0.056054522234269454, 0.049627411611291104, 0.033492352740062854, 0.02052393997593732, 0.014921826624032491]"
RACIBÓRZ-MIEDONIA,PRUDNIK (250170530) Suma opadów [mm],"[0.05567637818457396, 0.05000479593374878, 0.03962592324315776, 0.029695595210178484, 0.015625490818459962, -4.0554700852674126e-05, -0.01254542244752225, -0.005679491179080542, 0.024309463675802157, 0.10095642407722002, 0.28135281460869654, 0.32858518972755396, 0.260488732411442, 0.20770989468867215, 0.1703415119400321, 0.14623089785043963, 0.12562917613158595, 0.10627016304505818, 0.07176263454715862]"
RACIBÓRZ-MIEDONIA,PRZEWORNO (250170120) Suma opadów [mm],"[0.037501675083755924, 0.024666762376261597, 0.016617224990833703, 0.028170240307294522, 0.00668006767476188, -0.015670109589122613, -0.03819887026819453, -0.0390989300128833, -0.015365793540518553, 0.047581120845585134, 0.19075687537007477, 0.2501843042295815, 0.22380863722195177, 0.213687438613286, 0.1928605476845798, 0.16815194886741075, 0.13330207360085383, 0.08747080011585881, 0.09883506191473267]"
RACIBÓRZ-MIEDONIA,PSZENNO (250160090) Suma opadów [mm],"[0.01263624311478545, 0.004627703785977636, -0.004523129019338232, 0.0027815322369283877, 0.000980244527874937, -0.01716132448789732, -0.03103414477944793, -0.039295024818031245, -0.016197497937043615, 0.033102152485534095, 0.1453640411878727, 0.20135691355751262, 0.18821962382440405, 0.14837870493802605, 0.12590765291255415, 0.11803274663153816, 0.10315452779022892, 0.07863973793753055, 0.07286775031659834]"
RACIBÓRZ-MIEDONIA,RACIBÓRZ (350180540) Suma opadów [mm],"[0.025529678372076824, 0.028980160856484298, 0.03173532159729953, 0.03321201112246922, 0.032248520450354964, 0.018485897489871974, 0.00872564155489663, 0.002086525591909598, 0.011823406941247316, 0.059579480117485324, 0.2619038997449133, 0.3116864834945261, 0.263807575414059, 0.22489496821940017, 0.17955269250843842, 0.15402188966644045, 0.14240821666604958, 0.12220372099020059, 0.1122385624646894]"
RACIBÓRZ-MIEDONIA,RACŁAWICE ŚLĄSKIE (250170540) Suma opadów [mm],"[0.01259164612749556, 0.018902064712549755, 0.024897583293867803, 0.023011232823169366, 0.020089430615484113, 0.0002725231254983774, -0.005615547344957994, -0.006429543385171952, 0.020518312534229505, 0.09387812186212291, 0.30585305178382627, 0.3358938090710971, 0.25676127336004484, 0.2143566647786832, 0.17573190691860582, 0.14805409130505243, 0.14026727929444682, 0.11590310434428663, 0.0875608484441015]"
RACIBÓRZ-MIEDONIA,ROŻNÓW (251180230) Suma opadów [mm],"[0.021633710191853277, 0.03339300572291557, 0.03203322963719405, 0.021645541248466717, -0.005406145857833368, -0.022713542373762902, -0.01725028322298141, -0.015715219745258555, -0.002315080300070617, 0.049652924389394004, 0.19689491963068587, 0.2154010520402036, 0.1777991455259035, 0.15139149926062093, 0.11493043379224464, 0.09592138991609296, 0.06614488857212064, 0.058822449507043816, 0.07208638092609097]"
RACIBÓRZ-MIEDONIA,RUDNA (251160140) Suma opadów [mm],"[0.04784490415396696, 0.03771912116439461, 0.018723327472749084, 0.0112592691802416, -0.006240215052094854, -0.022688230219141778, -0.03948855236513637, -0.043472068497762466, -0.006787769221634081, 0.032166336015726396, 0.0944937493765513, 0.12467335406195566, 0.12807624337761425, 0.09487537539266008, 0.08386525215651891, 0.0830228558015207, 0.06357930931283937, 0.0208232197809858, -0.006564738256501422]"
RACIBÓRZ-MIEDONIA,RYBNIK (250180510) Suma opadów [mm],"[-0.01801564501219983, -0.021028765523044297, -0.013447985431489808, -0.003106529225089136, -0.001376237173123008, -0.007161606754359807, -0.01682718929783972, -0.03451524709907239, -0.023095994003046297, 0.03675897824766428, 0.2724964424982666, 0.3215640878473829, 0.25369928382384976, 0.1992915682845645, 0.15221811131646387, 0.11764960709053213, 0.11015263397662056, 0.08710472602982128, 0.06874938689313986]"
RACIBÓRZ-MIEDONIA,SŁOSZÓW (250160480) Suma opadów [mm],"[0.010747543536515096, 0.0029080047401443022, -0.005044291132868213, -0.009959437780769851, -0.011240300773844738, -0.022179009877163848, -0.030147678037991375, -0.041213216230576256, -0.03006815694242547, -0.002071216208432647, 0.10555841787928862, 0.1788276003342641, 0.15723554594703323, 0.126704976240263, 0.09744643111229429, 0.08897612947104712, 0.07550624262449392, 0.056712995997091, 0.04997042496973117]"
RACIBÓRZ-MIEDONIA,SMOLICE (251170090) Suma opadów [mm],"[-0.006776490468552537, -0.016809477294352924, -0.02605772986687811, -0.01747835688992656, -0.019870217955521935, -0.027190244546963577, -0.026738095306818387, -0.032670212468518395, -0.02014933151985398, 0.01794987160500721, 0.1091510692110317, 0.1539512767873548, 0.1443533390367357, 0.11270118775270896, 0.0806917595104047, 0.06763843869628372, 0.06190148206034809, 0.0669549066057497, 0.059881015145028325]"
RACIBÓRZ-MIEDONIA,SREBRNA GÓRA (250160350) Suma opadów [mm],"[0.025250189899959724, 0.016415655097783616, 0.0030461875756652703, 0.0033923074668131123, -0.0057500984804335995, -0.02249065535643449, -0.029340885002246166, -0.026377815217236054, -0.006944554232215046, 0.03241429176152525, 0.13742498965308228, 0.1851483538167482, 0.15823360422729066, 0.1266670398671763, 0.09850905682410004, 0.07357002474024826, 0.05822086990569921, 0.03275800998466697, 0.023527958494770195]"
RACIBÓRZ-MIEDONIA,STARE OLESNO (250180030) Suma opadów [mm],"[-0.002374570812756283, -0.002068682665406077, -0.014838282011228403, -0.025785742665293244, -0.030238147960701147, -0.029254829225728658, -0.034773392553040565, -0.03533568604318784, -0.009077012410652192, 0.05950719736056333, 0.2121222916179369, 0.2646568532304183, 0.23218949997931498, 0.18754219191410815, 0.15325982085093648, 0.1254825081050442, 0.11567474346016272, 0.11241889329068809, 0.10691087606097587]"
RACIBÓRZ-MIEDONIA,STRONIE ŚLĄSKIE (250160560) Suma opadów [mm],"[0.004880785578065794, -0.0032567353359321378, -0.005527888366675695, 0.01018842243237105, 0.004034571353825008, -0.015446827040334005, -0.020888833150421553, -0.02291767704819394, -0.0070106119672785445, 0.06206840019437523, 0.2119950791666976, 0.25666052250633364, 0.20030893391388846, 0.15394103145570076, 0.11239523777663404, 0.07822457740277312, 0.06613398389856048, 0.04871732963032245, 0.041027167674235046]"
RACIBÓRZ-MIEDONIA,STRZELIN (250170090) Suma opadów [mm],"[0.02501518942715228, 0.01876625721580587, 0.011149151669402096, 0.022985137842126645, 0.007693345717124266, -0.004266929656915257, -0.016400992365862992, -0.020116428254219377, -0.0017901326678221505, 0.035878762761443965, 0.1578744204080093, 0.20210717927261604, 0.19033048257233598, 0.16688505893585442, 0.14392553962278798, 0.12187434683346729, 0.09102445246238115, 0.04945124550996801, 0.04221283458185771]"
RACIBÓRZ-MIEDONIA,SUKOWICE (250180380) Suma opadów [mm],"[-0.03725498081236205, -0.028506095670653608, -0.0156172070569628, -0.025651099968712985, -0.03555487823035102, -0.053228620237522145, -0.05990321836745715, -0.07134982587049629, -0.05999281583704749, -0.01801678358086548, 0.17440285870529437, 0.23242872364832293, 0.1926355693979996, 0.14011040782296985, 0.09944735719422221, 0.0689733899917576, 0.04170427659438448, 0.028469401912118452, 0.032839106731600745]"
RACIBÓRZ-MIEDONIA,SZALEJÓW GÓRNY (250160840) Suma opadów [mm],"[0.02558540011135824, 0.02641335088816642, 0.02044425004301248, 0.029186164821812285, 0.024968986230675855, -0.0028384197113729614, -0.016380013052544693, -0.01831552005225794, 0.0038511402945069027, 0.029898951290146872, 0.1297228092597391, 0.1806396150256991, 0.15464513738147817, 0.12040389467851939, 0.08865532054909876, 0.07037130974807206, 0.062268835182559504, 0.03974205751810773, 0.031054352981529323]"
RACIBÓRZ-MIEDONIA,SZCZAWNO-ZDRÓJ (250160130) Suma opadów [mm],"[0.019016790180626745, 0.009853513183462772, 0.001327863471869358, -0.003540975992376245, -0.00956595702435166, -0.018732766072191143, -0.02493421070432753, -0.03464303819036712, -0.0074041384757117, 0.04797832513714523, 0.15689823995033167, 0.19663150924099282, 0.1963644392330909, 0.16292572569271477, 0.13271181168576376, 0.10768912975487671, 0.095487398945645, 0.08009280725716969, 0.07469517284035058]"
RACIBÓRZ-MIEDONIA,ŚWIERZAWA (251150360) Suma opadów [mm],"[-0.005921725410794306, -0.010833729461176085, -0.022015635136569216, -0.016477633783595517, -0.028298325170542805, -0.035436104861480966, -0.04438074700246217, -0.048158355605344365, -0.0033947459513626777, 0.055746538223817886, 0.15634245322090637, 0.18493602487762498, 0.16994901682850702, 0.13297854527508818, 0.10354658045994844, 0.08302772224605823, 0.06847944911385054, 0.04319889733121499, 0.04513678301889616]"
RACIBÓRZ-MIEDONIA,TARNÓW (250160360) Suma opadów [mm],"[0.011887899831972049, 0.003979689350244809, -0.0017655393047638647, -0.0013956971825044451, -0.00567494850824726, -0.016544529882765887, -0.023653867806903175, -0.02294100690496213, -0.007219962879392043, 0.02762084769651551, 0.1378536867697641, 0.19256001985834625, 0.17206567972504658, 0.15030594561113134, 0.11975852357677187, 0.10021295539597559, 0.08830749194877947, 0.07181536343679266, 0.07212476462061308]"
RACIBÓRZ-MIEDONIA,TRZEBNICA (251170210) Suma opadów [mm],"[-0.05088129835130835, -0.0699815038841523, -0.08726660387251015, -0.08741634547825367, -0.08416033824680659, -0.10037425672708633, -0.11296479849866684, -0.11227180958621216, -0.08429887830371202, -0.027913796507840007, 0.07046948225521063, 0.1091785697582374, 0.0754974821339074, 0.02010933587453383, -0.017706134295804653, -0.04057587922421385, -0.056910620938399346, -0.06230123075378674, -0.04607433774956452]"
RACIBÓRZ-MIEDONIA,TWARDOCICE (251150280) Suma opadów [mm],"[-0.021152237182567615, -0.02885694974244728, -0.04219236440678474, -0.042047741870173086, -0.04492581784640312, -0.05107942781459247, -0.05707826791375628, -0.06289098720571552, -0.03620613125619311, 0.005643065165790843, 0.09195592540982528, 0.1167963708840945, 0.10853802329979374, 0.0751719111998017, 0.05149553872047905, 0.04255021871773899, 0.028040736818481526, 0.009622888694144738, 0.007351750808643661]"
RACIBÓRZ-MIEDONIA,WALIM (250160270) Suma opadów [mm],"[-0.002580911101461885, -0.010374726172174225, -0.01917627351642929, -0.015636226562027587, -0.015811633381954033, -0.03415930848730609, -0.045871181905176396, -0.05080682392465317, -0.02302735892669908, 0.03677760204508052, 0.1533978999256199, 0.19100967277623146, 0.1620132582178303, 0.11712446473689113, 0.08425494824730835, 0.061668036445328554, 0.050807974486210716, 0.03169526465036782, 0.03830691400842954]"
RACIBÓRZ-MIEDONIA,WROCŁAW-STRACHOWICE (351160424) Suma opadów [mm],"[0.0034605344623732763, -0.0006616906913707594, -0.008820142515847887, 0.0026178710797701526, -0.003025839073753896, -0.01373552516197556, -0.024524538840593083, -0.027358136280740814, -0.008779116751203, 0.03315077041467861, 0.12756769430854203, 0.17596949267299244, 0.16717590349145853, 0.13793137011359588, 0.10871507993465497, 0.09199446540690626, 0.07821872730152167, 0.0631360879335886, 0.061858857033304744]"
RACIBÓRZ-MIEDONIA,ZIELENIEC (250160530) Suma opadów [mm],"[-0.01487804324909088, -0.022616029616358856, -0.029593891820166224, -0.02838697039269833, -0.0322574422380964, -0.044088772699234655, -0.05607022276812522, -0.06904169936303632, -0.05534155583842047, -0.02708633078816591, 0.07611904870970508, 0.14576342722172148, 0.11244204363560477, 0.07791923359925575, 0.05187376020993382, 0.03927431499558504, 0.03415104150638618, 0.019701899978133302, 0.018435407901783364]"
RACIBÓRZ-MIEDONIA,ZIELINA (250170280) Suma opadów [mm],"[0.00920915704284154, 0.008270812087768448, 0.014481286290798858, 0.032007898447849736, 0.022929431633973024, 0.017942153317178446, -0.00010836676082035195, -0.0030356607710929863, 0.01847599998224137, 0.08832546161283912, 0.27901314668901345, 0.31669779478199084, 0.27312926182338193, 0.2287422078969479, 0.18070198630474002, 0.14261048013424804, 0.12486207514246807, 0.09534549599872473, 0.07153708616424173]"
RACIBÓRZ-MIEDONIA,ŹRÓDŁA (251160370) Suma opadów [mm],"[0.05737753376041802, 0.051581377292241624, 0.030382812073110207, 0.04423673258650645, 0.026395423688006858, 0.0033641852171686112, 0.0029073691656287914, -0.005460742159070282, 0.01725737160976309, 0.09407238314795018, 0.20240130203984466, 0.23666022578498094, 0.24273052380665963, 0.24653755406850042, 0.24135536267636826, 0.2384830730504117, 0.22879972432941686, 0.1809691525325499, 0.18910316268768995]"
RACIBÓRZ-MIEDONIA,średnia Suma opadów [mm],"[0.004606567136007332, -0.002235628272245176, -0.007005228424951613, -0.0018947945885212552, -0.0045841372007722914, -0.014076590622794974, -0.02301743809981334, -0.02661473122491731, -0.002758369578237923, 0.05873298837568975, 0.22413928368196354, 0.294949344478205, 0.2623915243986338, 0.21098227598757707, 0.16679516277627565, 0.141203010890538, 0.1256171711100964, 0.10405803848035551, 0.09945767159186267]"
RACIBÓRZ-MIEDONIA,mediana Suma opadów [mm],"[0.015001088886856528, 0.009878892474022582, 0.0035417352420635487, 0.006889541064916441, 0.0037423912168962005, -0.006240491482336912, -0.015246792699526718, -0.01802258770997895, 0.006799683681785639, 0.0653687656335599, 0.2170878678665205, 0.28701197092405945, 0.2563342012326924, 0.21015950133370206, 0.16785868598749376, 0.14522511896458615, 0.13042938135146181, 0.10735839157535032, 0.10276507285587574]"
